                  epoch,         train/box_loss,         train/cls_loss,         train/dfl_loss,   metrics/precision(B),      metrics/recall(B),       metrics/mAP50(B),    metrics/mAP50-95(B),           val/box_loss,           val/cls_loss,           val/dfl_loss,                 lr/pg0,                 lr/pg1,                 lr/pg2
                      1,                 1.5074,                 2.4803,                 1.8355,                0.77253,                0.78406,                0.76983,                0.57053,                0.77445,                 3.0539,                 1.4078,                 0.0001,                 0.0001,                 0.0001
                      2,                 1.4017,                 1.7058,                 1.7042,                0.78964,                0.72217,                0.79033,                0.56217,                 1.0595,                 1.3147,                 1.5665,             0.00017644,             0.00017644,             0.00017644
                      3,                  1.277,                 1.4316,                 1.5893,                0.67468,                0.73077,                0.72481,                0.45134,                 1.3121,                  1.896,                  1.852,             0.00020536,             0.00020536,             0.00020536
                      4,                 1.1763,                 1.2557,                 1.5041,                0.47479,                0.57692,                0.52766,                0.30879,                 1.5281,                 2.0518,                 2.2299,             0.00018676,             0.00018676,             0.00018676
                      5,                 1.1437,                 1.0056,                 1.4242,                0.70115,                0.69231,                  0.812,                0.54049,                 1.0285,                 1.7889,                 1.6113,             0.00012064,             0.00012064,             0.00012064
